images/000001.png,כיסא נח
images/000002.jpg,עף על עצמו
images/000003.jpg,מגן בגופו
images/000004.jpg,שרברביט
images/000005.jpg,שוקולד ציפס
images/000006.jpg,קולות החיילים
images/000007.jpg,חדש אות
images/000008.jpg,הטיח בפניו
images/000009.jpg,בית במושב
images/000010.jpg,נוער בסיכון
images/000011.jpg,ירח מלא
images/000012.jpg,צדיק נסתר
images/000013.jpg,מרק כתום
images/000014.jpg,מכל הלב
images/000015.jpg,פנס בעין
images/000016.jpg,פרמדיק
images/000017.jpg,מפריח בועות
images/000018.jpg,מצילתיים
images/000019.jpg,הכר את הבית
images/000020.jpg,בלש פרטי
